{
  "condition": "disjoint",
  "C_MST": {
    "grid": 96.0,
    "ring": 64.0
  },
  "models": {
    "per_graph": {
      "model": "per_graph",
      "condition": "disjoint",
      "params": {
        "b0": -6.843760793571935,
        "lam": 0.5423517318337251,
        "gamma_grid": 50.0,
        "alpha_grid": 0.966059855929977,
        "q_grid": 0.9351272879686474,
        "gamma_ring": 33.1244472371884,
        "alpha_ring": 0.952774289859345,
        "q_ring": 0.9301865656621984
      },
      "p0": {
        "grid": 0.5299658789320896,
        "ring": 0.6308261640209433
      },
      "C_MST": {
        "grid": 96.0,
        "ring": 64.0
      },
      "mse_train": 0.016290149738438935,
      "mse_val": 0.014192680511742597,
      "mse_test": 0.01821021483563926,
      "n_train": 1349,
      "n_val": 507,
      "n_test": 304,
      "k_params": 8,
      "aic": -1709.7994396406145,
      "bic": -1668.1424887909525,
      "converged": true
    },
    "mixture_bias": {
      "model": "mixture_bias",
      "condition": "disjoint",
      "params": {
        "b0": -15.0,
        "lam": 0.0076287572243552955,
        "gamma": 7.39340871814002,
        "alpha": 0.8582492426117769,
        "q": 0.9156519895671678
      },
      "p0": {
        "rho=0.00,grid": 0.5918989625695019,
        "rho=0.20,grid": 0.5156325178440753,
        "rho=0.20,ring": 0.6551576554775238,
        "rho=0.30,grid": 0.5470728356546412,
        "rho=0.30,ring": 0.5511923668473173,
        "rho=0.40,grid": 0.5012057023704983,
        "rho=0.40,ring": 0.6264990921517892,
        "rho=0.50,grid": 0.5041979879085071,
        "rho=0.50,ring": 0.6593166389033286,
        "rho=0.60,grid": 0.49906170699411706,
        "rho=0.60,ring": 0.6246784597879014,
        "rho=0.70,grid": 0.5029293945602452,
        "rho=0.70,ring": 0.5833226529842553,
        "rho=0.80,grid": 0.5777279235551305,
        "rho=0.80,ring": 0.7359598168887942,
        "rho=1.00,ring": 0.6104826291266363
      },
      "C_MST": {
        "grid": 96.0,
        "ring": 64.0
      },
      "mse_train": 0.017506145102194576,
      "mse_val": 0.014910328512691053,
      "mse_test": 0.021633308279950716,
      "n_train": 1349,
      "n_val": 507,
      "n_test": 304,
      "k_params": 5,
      "aic": -1618.683103944848,
      "bic": -1592.6475096638092,
      "converged": true
    }
  },
  "comparison": {
    "delta_aic_per_graph_minus_mixture": -91.11633569576657,
    "delta_bic_per_graph_minus_mixture": -75.49497912714332,
    "preferred_by_aic": "per_graph",
    "preferred_by_bic": "per_graph"
  }
}