{
  "condition": "overlap",
  "C_MST": {
    "grid": 96.0,
    "ring": 64.0
  },
  "models": {
    "per_graph": {
      "model": "per_graph",
      "condition": "overlap",
      "params": {
        "b0": -14.99992872725113,
        "lam": 0.46092025103627765,
        "gamma_grid": 50.0,
        "alpha_grid": 0.9645328087795809,
        "q_grid": 0.9279199671708513,
        "gamma_ring": 35.288954931615706,
        "alpha_ring": 0.9516645038468519,
        "q_ring": 0.9328399056921982
      },
      "p0": {
        "grid": 0.5296169576681082,
        "ring": 0.6409261660434159
      },
      "C_MST": {
        "grid": 96.0,
        "ring": 64.0
      },
      "mse_train": 0.014263565893077843,
      "mse_val": 0.01253358338325055,
      "mse_test": 0.015676547022861614,
      "n_train": 1349,
      "n_val": 507,
      "n_test": 304,
      "k_params": 8,
      "aic": -1889.0170146293092,
      "bic": -1847.3600637796471,
      "converged": true
    },
    "mixture_bias": {
      "model": "mixture_bias",
      "condition": "overlap",
      "params": {
        "b0": -15.0,
        "lam": 0.004903924033878481,
        "gamma": 6.959246365448176,
        "alpha": 0.8477505357223207,
        "q": 0.9138641062182985
      },
      "p0": {
        "rho=0.00,grid": 0.5891075924576512,
        "rho=0.20,grid": 0.5156325178440753,
        "rho=0.20,ring": 0.7805099380202591,
        "rho=0.30,grid": 0.5470728356546412,
        "rho=0.30,ring": 0.6049421860989241,
        "rho=0.40,grid": 0.5012057023704983,
        "rho=0.40,ring": 0.6034908009532955,
        "rho=0.50,grid": 0.5041979879085071,
        "rho=0.50,ring": 0.5743318902692408,
        "rho=0.60,grid": 0.49906170699411706,
        "rho=0.60,ring": 0.6515116671753276,
        "rho=0.70,grid": 0.5029293945602452,
        "rho=0.70,ring": 0.5612531095199907,
        "rho=0.80,grid": 0.5777279235551305,
        "rho=0.80,ring": 0.6988967186048285,
        "rho=1.00,ring": 0.6524730177054607
      },
      "C_MST": {
        "grid": 96.0,
        "ring": 64.0
      },
      "mse_train": 0.015348532631010426,
      "mse_val": 0.012906750893345666,
      "mse_test": 0.01752225428369889,
      "n_train": 1349,
      "n_val": 507,
      "n_test": 304,
      "k_params": 5,
      "aic": -1796.1198968557824,
      "bic": -1770.0843025747436,
      "converged": true
    }
  },
  "comparison": {
    "delta_aic_per_graph_minus_mixture": -92.89711777352682,
    "delta_bic_per_graph_minus_mixture": -77.27576120490357,
    "preferred_by_aic": "per_graph",
    "preferred_by_bic": "per_graph"
  }
}