{
  "condition": "months_natural",
  "per_cell": {
    "0.00": {
      "grid": {
        "b": -30.0,
        "gamma": 19.22090323161789,
        "alpha": 0.9148993623212541,
        "q": 0.9018134808461213,
        "p0": 0.5490687177352811,
        "N_star": 187.06220946796913,
        "mse_train": 0.007842843581325639,
        "mse_val": 0.011678866303834906,
        "mse_test": 0.006750942696621982,
        "n_train": 8,
        "n_val": 4,
        "n_test": 4,
        "converged": true,
        "bootstrap": null
      }
    },
    "0.50": {
      "grid": {
        "b": -30.0,
        "gamma": 21.79796518397029,
        "alpha": 0.9401391153235098,
        "q": 0.8472373844175156,
        "p0": 0.4056998739251867,
        "N_star": 207.5522605558636,
        "mse_train": 0.013996497794934728,
        "mse_val": 0.008399447540067658,
        "mse_test": 0.019777608639988363,
        "n_train": 4,
        "n_val": 2,
        "n_test": 3,
        "converged": true,
        "bootstrap": null
      },
      "ring": {
        "b": -30.0,
        "gamma": 0.12748824610333637,
        "alpha": 0.0,
        "q": 0.7222646767295796,
        "p0": 0.6802263190038502,
        "N_star": 235.31581080567474,
        "mse_train": 0.004701744403129578,
        "mse_val": 0.00536256649792151,
        "mse_test": 0.015579296677800537,
        "n_train": 4,
        "n_val": 2,
        "n_test": 2,
        "converged": true,
        "bootstrap": null
      }
    },
    "1.00": {
      "ring": {
        "b": -3.863552997011245,
        "gamma": 0.029965708310038783,
        "alpha": 0.36706696371744907,
        "q": 1.0,
        "p0": 0.7270604417038461,
        "N_star": 2159.028884909933,
        "mse_train": 0.004594173564781872,
        "mse_val": 0.00760262645935124,
        "mse_test": 0.004720224649756881,
        "n_train": 6,
        "n_val": 3,
        "n_test": 3,
        "converged": true,
        "bootstrap": null
      }
    }
  }
}