{
  "condition": "months_permuted",
  "per_cell": {
    "0.00": {
      "grid": {
        "b": -30.0,
        "gamma": 19.220810740193485,
        "alpha": 0.9148983923878272,
        "q": 0.9018130042157403,
        "p0": 0.5490687177352811,
        "N_star": 187.06163331197004,
        "mse_train": 0.007842843581325025,
        "mse_val": 0.011678874007649295,
        "mse_test": 0.006750945495684962,
        "n_train": 8,
        "n_val": 4,
        "n_test": 4,
        "converged": true,
        "bootstrap": null
      }
    },
    "0.50": {
      "grid": {
        "b": -30.0,
        "gamma": 21.616034925905037,
        "alpha": 0.9383239062774921,
        "q": 0.8508740944960713,
        "p0": 0.4056998739251867,
        "N_star": 203.21139994683466,
        "mse_train": 0.013397744392319184,
        "mse_val": 0.008109417135683212,
        "mse_test": 0.01966844823390468,
        "n_train": 4,
        "n_val": 2,
        "n_test": 3,
        "converged": true,
        "bootstrap": null
      },
      "ring": {
        "b": -30.0,
        "gamma": 21.863341624206054,
        "alpha": 0.9430073294395338,
        "q": 0.955414495262072,
        "p0": 0.7108963758219033,
        "N_star": 257.58408531461265,
        "mse_train": 0.002614423547406387,
        "mse_val": 0.022307776591912354,
        "mse_test": 0.007773068963286428,
        "n_train": 4,
        "n_val": 2,
        "n_test": 2,
        "converged": true,
        "bootstrap": null
      }
    },
    "1.00": {
      "ring": {
        "b": -30.0,
        "gamma": 19.77966257279722,
        "alpha": 0.9209152339768463,
        "q": 0.9671903387974712,
        "p0": 0.6601426159031689,
        "N_star": 193.8425396148434,
        "mse_train": 0.0038724989124772234,
        "mse_val": 0.008507191583957636,
        "mse_test": 0.006486278988656032,
        "n_train": 6,
        "n_val": 3,
        "n_test": 3,
        "converged": true,
        "bootstrap": null
      }
    }
  }
}