{
  "condition": "neutral_disjoint",
  "per_cell": {
    "0.00": {
      "grid": {
        "b": -30.0,
        "gamma": 19.220814999644873,
        "alpha": 0.9148984603701135,
        "q": 0.9018131413628583,
        "p0": 0.5490687177352811,
        "N_star": 187.06192794305935,
        "mse_train": 0.007842843581314379,
        "mse_val": 0.011678868591824206,
        "mse_test": 0.006750947372686835,
        "n_train": 8,
        "n_val": 4,
        "n_test": 4,
        "converged": true,
        "bootstrap": null
      }
    },
    "0.50": {
      "grid": {
        "b": -30.0,
        "gamma": 21.458415659680693,
        "alpha": 0.9366370086741588,
        "q": 0.8733651133514211,
        "p0": 0.4056998739251867,
        "N_star": 198.0001774649839,
        "mse_train": 0.01122643531942698,
        "mse_val": 0.008414707157440573,
        "mse_test": 0.016527068717513263,
        "n_train": 4,
        "n_val": 2,
        "n_test": 3,
        "converged": true,
        "bootstrap": null
      },
      "ring": {
        "b": -30.0,
        "gamma": 1.2862667254150448,
        "alpha": 0.31446907248070205,
        "q": 0.8977948070614382,
        "p0": 0.6386902250815183,
        "N_star": 98.90712749600428,
        "mse_train": 0.009484236674822512,
        "mse_val": 0.010381244404151625,
        "mse_test": 0.005842156781125058,
        "n_train": 4,
        "n_val": 2,
        "n_test": 2,
        "converged": true,
        "bootstrap": null
      }
    },
    "1.00": {
      "ring": {
        "b": -5.081818190703128,
        "gamma": 0.021440418292216597,
        "alpha": 0.0,
        "q": 0.9523717957485117,
        "p0": 0.7492349319824522,
        "N_star": 237.02047793293073,
        "mse_train": 0.005912643508097071,
        "mse_val": 0.004763860857433794,
        "mse_test": 0.01009425057474554,
        "n_train": 6,
        "n_val": 3,
        "n_test": 3,
        "converged": true,
        "bootstrap": null
      }
    }
  }
}