{
  "condition": "neutral_overlap",
  "per_cell": {
    "0.00": {
      "grid": {
        "b": -30.0,
        "gamma": 19.220799911126765,
        "alpha": 0.9148982968495515,
        "q": 0.9018131261108285,
        "p0": 0.5490687177352811,
        "N_star": 187.06177311262903,
        "mse_train": 0.007842843581335137,
        "mse_val": 0.011678871597558437,
        "mse_test": 0.00675095044528939,
        "n_train": 8,
        "n_val": 4,
        "n_test": 4,
        "converged": true,
        "bootstrap": null
      }
    },
    "0.50": {
      "grid": {
        "b": -30.0,
        "gamma": 21.363369405625285,
        "alpha": 0.9358404370130391,
        "q": 0.8613023422707152,
        "p0": 0.4056998739251867,
        "N_star": 198.70095364996655,
        "mse_train": 0.012372382006916942,
        "mse_val": 0.008472110399955345,
        "mse_test": 0.016738173753745637,
        "n_train": 4,
        "n_val": 2,
        "n_test": 3,
        "converged": true,
        "bootstrap": null
      },
      "ring": {
        "b": -30.0,
        "gamma": 16.650091925768894,
        "alpha": 0.8815554126578917,
        "q": 0.8923253979208938,
        "p0": 0.6973728619632311,
        "N_star": 144.16319702954925,
        "mse_train": 0.00980554603768651,
        "mse_val": 0.019788033860562788,
        "mse_test": 0.014628168839538018,
        "n_train": 4,
        "n_val": 2,
        "n_test": 2,
        "converged": true,
        "bootstrap": null
      }
    },
    "1.00": {
      "ring": {
        "b": -6.516950374798226,
        "gamma": 0.025629555848138322,
        "alpha": 0.0,
        "q": 0.9509918277597684,
        "p0": 0.7710428128102649,
        "N_star": 254.2748073128081,
        "mse_train": 0.006169122423436711,
        "mse_val": 0.007002671872958101,
        "mse_test": 0.008748079344955782,
        "n_train": 6,
        "n_val": 3,
        "n_test": 3,
        "converged": true,
        "bootstrap": null
      }
    }
  }
}