{
  "words": [
    "apple",
    "bird",
    "car",
    "egg",
    "house",
    "milk",
    "plane",
    "opera",
    "box",
    "sand",
    "sun",
    "mango",
    "rock",
    "math",
    "code",
    "phone"
  ],
  "rows": {
    "apple": {
      "distribution": {
        "apple": 0.87353515625,
        "bird": 0.0006580352783203125,
        "car": 0.0167694091796875,
        "egg": 0.0011730194091796875,
        "house": 0.0010280609130859375,
        "milk": 0.0014772415161132812,
        "plane": 7.134675979614258e-05,
        "opera": 0.0001004338264465332,
        "box": 0.00820159912109375,
        "sand": 0.0008983612060546875,
        "sun": 0.0002589225769042969,
        "mango": 0.0199127197265625,
        "rock": 0.0010442733764648438,
        "math": 0.01161956787109375,
        "code": 0.008270263671875,
        "phone": 0.05474853515625
      },
      "vocab_mass": 0.022552490234375
    },
    "bird": {
      "distribution": {
        "apple": 0.00028252601623535156,
        "bird": 0.52783203125,
        "car": 0.0030651092529296875,
        "egg": 0.0168304443359375,
        "house": 0.3515625,
        "milk": 0.00060272216796875,
        "plane": 0.00023233890533447266,
        "opera": 9.417533874511719e-05,
        "box": 0.0438232421875,
        "sand": 0.00461578369140625,
        "sun": 0.0014944076538085938,
        "mango": 8.791685104370117e-05,
        "rock": 0.00872802734375,
        "math": 0.007198333740234375,
        "code": 0.032684326171875,
        "phone": 0.0012874603271484375
      },
      "vocab_mass": 0.009490966796875
    },
    "car": {
      "distribution": {
        "apple": 0.00038743019104003906,
        "bird": 0.0004982948303222656,
        "car": 0.82421875,
        "egg": 0.0010519027709960938,
        "house": 0.008636474609375,
        "milk": 0.0004982948303222656,
        "plane": 0.0012731552124023438,
        "opera": 0.00011074542999267578,
        "box": 0.0380859375,
        "sand": 0.0166015625,
        "sun": 0.01727294921875,
        "mango": 0.0004982948303222656,
        "rock": 0.0013284683227539062,
        "math": 0.005313873291015625,
        "code": 0.0657958984375,
        "phone": 0.01849365234375
      },
      "vocab_mass": 0.0010766983032226562
    },
    "egg": {
      "distribution": {
        "apple": 0.006755828857421875,
        "bird": 0.00774383544921875,
        "car": 0.027587890625,
        "egg": 0.314453125,
        "house": 0.0289154052734375,
        "milk": 0.060272216796875,
        "plane": 0.0244293212890625,
        "opera": 0.0002359151840209961,
        "box": 0.357666015625,
        "sand": 0.055511474609375,
        "sun": 0.0016946792602539062,
        "mango": 0.0015659332275390625,
        "rock": 0.040130615234375,
        "math": 0.01070404052734375,
        "code": 0.05316162109375,
        "phone": 0.00928497314453125
      },
      "vocab_mass": 0.0027790069580078125
    },
    "house": {
      "distribution": {
        "apple": 0.002960205078125,
        "bird": 0.007007598876953125,
        "car": 0.07037353515625,
        "egg": 0.03424072265625,
        "house": 0.5537109375,
        "milk": 0.01776123046875,
        "plane": 0.01568603515625,
        "opera": 0.0011568069458007812,
        "box": 0.00799560546875,
        "sand": 0.04254150390625,
        "sun": 0.0089111328125,
        "mango": 0.000408172607421875,
        "rock": 0.041778564453125,
        "math": 0.050689697265625,
        "code": 0.084228515625,
        "phone": 0.060791015625
      },
      "vocab_mass": 0.0017518997192382812
    },
    "milk": {
      "distribution": {
        "apple": 0.0114898681640625,
        "bird": 0.0008754730224609375,
        "car": 0.0169219970703125,
        "egg": 0.0087127685546875,
        "house": 0.01071929931640625,
        "milk": 0.845703125,
        "plane": 0.0005736351013183594,
        "opera": 0.0002415180206298828,
        "box": 0.08123779296875,
        "sand": 0.003215789794921875,
        "sun": 0.0013284683227539062,
        "mango": 0.00513458251953125,
        "rock": 0.0036525726318359375,
        "math": 0.00791168212890625,
        "code": 0.001087188720703125,
        "phone": 0.0007395744323730469
      },
      "vocab_mass": 0.003948211669921875
    },
    "plane": {
      "distribution": {
        "apple": 0.0010862350463867188,
        "bird": 0.0005259513854980469,
        "car": 0.037445068359375,
        "egg": 0.002593994140625,
        "house": 0.0215911865234375,
        "milk": 0.0008411407470703125,
        "plane": 0.72021484375,
        "opera": 0.0002453327178955078,
        "box": 0.0281524658203125,
        "sand": 0.0023136138916015625,
        "sun": 0.00606536865234375,
        "mango": 0.0006661415100097656,
        "rock": 0.007572174072265625,
        "math": 0.09844970703125,
        "code": 0.06817626953125,
        "phone": 0.003997802734375
      },
      "vocab_mass": 0.0017004013061523438
    },
    "opera": {
      "distribution": {
        "apple": 0.005275726318359375,
        "bird": 0.0005512237548828125,
        "car": 0.0198974609375,
        "egg": 0.00064849853515625,
        "house": 0.3447265625,
        "milk": 0.0010118484497070312,
        "plane": 6.4849853515625e-05,
        "opera": 0.54248046875,
        "box": 0.016448974609375,
        "sand": 0.0003306865692138672,
        "sun": 0.0016145706176757812,
        "mango": 4.5359134674072266e-05,
        "rock": 0.0014390945434570312,
        "math": 0.010467529296875,
        "code": 0.053466796875,
        "phone": 0.001556396484375
      },
      "vocab_mass": 0.00919342041015625
    },
    "box": {
      "distribution": {
        "apple": 0.0016851425170898438,
        "bird": 0.00025534629821777344,
        "car": 0.325927734375,
        "egg": 0.000995635986328125,
        "house": 0.031524658203125,
        "milk": 0.0018892288208007812,
        "plane": 0.00878143310546875,
        "opera": 0.0007658004760742188,
        "box": 0.58349609375,
        "sand": 0.0032672882080078125,
        "sun": 0.00684356689453125,
        "mango": 0.0007147789001464844,
        "rock": 0.004901885986328125,
        "math": 0.014068603515625,
        "code": 0.01322174072265625,
        "phone": 0.001659393310546875
      },
      "vocab_mass": 0.0023345947265625
    },
    "sand": {
      "distribution": {
        "apple": 0.0002815723419189453,
        "bird": 0.0002510547637939453,
        "car": 0.0100555419921875,
        "egg": 0.0011205673217773438,
        "house": 0.0112152099609375,
        "milk": 0.0009369850158691406,
        "plane": 0.0006246566772460938,
        "opera": 0.00014698505401611328,
        "box": 0.10931396484375,
        "sand": 0.7587890625,
        "sun": 0.0047149658203125,
        "mango": 5.507469177246094e-05,
        "rock": 0.0953369140625,
        "math": 0.005435943603515625,
        "code": 0.0008630752563476562,
        "phone": 0.0005021095275878906
      },
      "vocab_mass": 0.009735107421875
    },
    "sun": {
      "distribution": {
        "apple": 0.001415252685546875,
        "bird": 0.005908966064453125,
        "car": 0.003978729248046875,
        "egg": 0.0007266998291015625,
        "house": 0.01128387451171875,
        "milk": 0.0011472702026367188,
        "plane": 0.0002486705780029297,
        "opera": 0.0002677440643310547,
        "box": 0.0018930435180664062,
        "sand": 0.0190887451171875,
        "sun": 0.79638671875,
        "mango": 0.00011473894119262695,
        "rock": 0.0120697021484375,
        "math": 0.007381439208984375,
        "code": 0.1346435546875,
        "phone": 0.0038242340087890625
      },
      "vocab_mass": 0.003116607666015625
    },
    "mango": {
      "distribution": {
        "apple": 0.016571044921875,
        "bird": 0.0005388259887695312,
        "car": 0.0010290145874023438,
        "egg": 0.0016355514526367188,
        "house": 0.01503753662109375,
        "milk": 0.12890625,
        "plane": 8.696317672729492e-05,